{
    "kind": "pagespeedonline#result",
    "id": "https://developers.google.com/speed/pagespeed/insights/",
    "responseCode": 200,
    "title": "PageSpeed Insights",
    "ruleGroups": {
        "SPEED": {
            "score": 98
        },
        "USABILITY": {
            "score": 100
        }
    },
    "pageStats": {
        "numberResources": 11,
        "numberHosts": 6,
        "totalRequestBytes": "1888",
        "numberStaticResources": 6,
        "htmlResponseBytes": "72181",
        "cssResponseBytes": "8411",
        "imageResponseBytes": "5433",
        "javascriptResponseBytes": "447411",
        "otherResponseBytes": "14565",
        "numberJsResources": 4,
        "numberCssResources": 1
    },
    "formattedResults": {
        "locale": "en_US",
        "ruleResults": {
            "AvoidLandingPageRedirects": {
                "localizedRuleName": "Avoid landing page redirects",
                "ruleImpact": 0,
                "groups": [
                    "SPEED"
                ],
                "summary": {
                    "format": "Your page has no redirects. Learn more about {{BEGIN_LINK}}avoiding landing page redirects{{END_LINK}}.",
                    "args": [
                        {
                            "type": "HYPERLINK",
                            "key": "LINK",
                            "value": "https://developers.google.com/speed/docs/insights/AvoidRedirects"
                        }
                    ]
                }
            },
            "AvoidPlugins": {
                "localizedRuleName": "Avoid plugins",
                "ruleImpact": 0,
                "groups": [
                    "USABILITY"
                ],
                "summary": {
                    "format": "Your page does not appear to use plugins, which would prevent content from being usable on many platforms. Learn more about the importance of {{BEGIN_LINK}}avoiding plugins{{END_LINK}}.",
                    "args": [
                        {
                            "type": "HYPERLINK",
                            "key": "LINK",
                            "value": "https://developers.google.com/speed/docs/insights/AvoidPlugins"
                        }
                    ]
                }
            },
            "ConfigureViewport": {
                "localizedRuleName": "Configure the viewport",
                "ruleImpact": 0,
                "groups": [
                    "USABILITY"
                ],
                "summary": {
                    "format": "Your page specifies a viewport matching the device's size, which allows it to render properly on all devices. Learn more about {{BEGIN_LINK}}configuring viewports{{END_LINK}}.",
                    "args": [
                        {
                            "type": "HYPERLINK",
                            "key": "LINK",
                            "value": "https://developers.google.com/speed/docs/insights/ConfigureViewport"
                        }
                    ]
                }
            },
            "EnableGzipCompression": {
                "localizedRuleName": "Enable compression",
                "ruleImpact": 0,
                "groups": [
                    "SPEED"
                ],
                "summary": {
                    "format": "You have compression enabled. Learn more about {{BEGIN_LINK}}enabling compression{{END_LINK}}.",
                    "args": [
                        {
                            "type": "HYPERLINK",
                            "key": "LINK",
                            "value": "https://developers.google.com/speed/docs/insights/EnableCompression"
                        }
                    ]
                }
            },
            "LeverageBrowserCaching": {
                "localizedRuleName": "Leverage browser caching",
                "ruleImpact": 1.3746279761904763,
                "groups": [
                    "SPEED"
                ],
                "summary": {
                    "format": "Setting an expiry date or a maximum age in the HTTP headers for static resources instructs the browser to load previously downloaded resources from local disk rather than over the network."
                },
                "urlBlocks": [
                    {
                        "header": {
                            "format": "{{BEGIN_LINK}}Leverage browser caching{{END_LINK}} for the following cacheable resources:",
                            "args": [
                                {
                                    "type": "HYPERLINK",
                                    "key": "LINK",
                                    "value": "https://developers.google.com/speed/docs/insights/LeverageBrowserCaching"
                                }
                            ]
                        },
                        "urls": [
                            {
                                "result": {
                                    "format": "{{URL}} ({{LIFETIME}})",
                                    "args": [
                                        {
                                            "type": "URL",
                                            "key": "URL",
                                            "value": "https://www.google.com/recaptcha/api.js?render=explicit&hl=%27en_US%27"
                                        },
                                        {
                                            "type": "DURATION",
                                            "key": "LIFETIME",
                                            "value": "5 minutes"
                                        }
                                    ]
                                }
                            },
                            {
                                "result": {
                                    "format": "{{URL}} ({{LIFETIME}})",
                                    "args": [
                                        {
                                            "type": "URL",
                                            "key": "URL",
                                            "value": "https://www.google-analytics.com/analytics.js"
                                        },
                                        {
                                            "type": "DURATION",
                                            "key": "LIFETIME",
                                            "value": "2 hours"
                                        }
                                    ]
                                }
                            }
                        ]
                    }
                ]
            },
            "MainResourceServerResponseTime": {
                "localizedRuleName": "Reduce server response time",
                "ruleImpact": 0,
                "groups": [
                    "SPEED"
                ],
                "summary": {
                    "format": "Your server responded quickly. Learn more about {{BEGIN_LINK}}server response time optimization{{END_LINK}}.",
                    "args": [
                        {
                            "type": "HYPERLINK",
                            "key": "LINK",
                            "value": "https://developers.google.com/speed/docs/insights/Server"
                        }
                    ]
                }
            },
            "MinifyCss": {
                "localizedRuleName": "Minify CSS",
                "ruleImpact": 0,
                "groups": [
                    "SPEED"
                ],
                "summary": {
                    "format": "Your CSS is minified. Learn more about {{BEGIN_LINK}}minifying CSS{{END_LINK}}.",
                    "args": [
                        {
                            "type": "HYPERLINK",
                            "key": "LINK",
                            "value": "https://developers.google.com/speed/docs/insights/MinifyResources"
                        }
                    ]
                }
            },
            "MinifyHTML": {
                "localizedRuleName": "Minify HTML",
                "ruleImpact": 0,
                "groups": [
                    "SPEED"
                ],
                "summary": {
                    "format": "Your HTML is minified. Learn more about {{BEGIN_LINK}}minifying HTML{{END_LINK}}.",
                    "args": [
                        {
                            "type": "HYPERLINK",
                            "key": "LINK",
                            "value": "https://developers.google.com/speed/docs/insights/MinifyResources"
                        }
                    ]
                }
            },
            "MinifyJavaScript": {
                "localizedRuleName": "Minify JavaScript",
                "ruleImpact": 0,
                "groups": [
                    "SPEED"
                ],
                "summary": {
                    "format": "Your JavaScript content is minified. Learn more about {{BEGIN_LINK}}minifying JavaScript{{END_LINK}}.",
                    "args": [
                        {
                            "type": "HYPERLINK",
                            "key": "LINK",
                            "value": "https://developers.google.com/speed/docs/insights/MinifyResources"
                        }
                    ]
                }
            },
            "MinimizeRenderBlockingResources": {
                "localizedRuleName": "Eliminate render-blocking JavaScript and CSS in above-the-fold content",
                "ruleImpact": 0,
                "groups": [
                    "SPEED"
                ],
                "summary": {
                    "format": "You have no render-blocking resources. Learn more about {{BEGIN_LINK}}removing render-blocking resources{{END_LINK}}.",
                    "args": [
                        {
                            "type": "HYPERLINK",
                            "key": "LINK",
                            "value": "https://developers.google.com/speed/docs/insights/BlockingJS"
                        }
                    ]
                }
            },
            "OptimizeImages": {
                "localizedRuleName": "Optimize images",
                "ruleImpact": 0,
                "groups": [
                    "SPEED"
                ],
                "summary": {
                    "format": "Your images are optimized. Learn more about {{BEGIN_LINK}}optimizing images{{END_LINK}}.",
                    "args": [
                        {
                            "type": "HYPERLINK",
                            "key": "LINK",
                            "value": "https://developers.google.com/speed/docs/insights/OptimizeImages"
                        }
                    ]
                }
            },
            "PrioritizeVisibleContent": {
                "localizedRuleName": "Prioritize visible content",
                "ruleImpact": 0,
                "groups": [
                    "SPEED"
                ],
                "summary": {
                    "format": "You have the above-the-fold content properly prioritized. Learn more about {{BEGIN_LINK}}prioritizing visible content{{END_LINK}}.",
                    "args": [
                        {
                            "type": "HYPERLINK",
                            "key": "LINK",
                            "value": "https://developers.google.com/speed/docs/insights/PrioritizeVisibleContent"
                        }
                    ]
                }
            },
            "SizeContentToViewport": {
                "localizedRuleName": "Size content to viewport",
                "ruleImpact": 0,
                "groups": [
                    "USABILITY"
                ],
                "summary": {
                    "format": "The contents of your page fit within the viewport. Learn more about {{BEGIN_LINK}}sizing content to the viewport{{END_LINK}}.",
                    "args": [
                        {
                            "type": "HYPERLINK",
                            "key": "LINK",
                            "value": "https://developers.google.com/speed/docs/insights/SizeContentToViewport"
                        }
                    ]
                }
            },
            "SizeTapTargetsAppropriately": {
                "localizedRuleName": "Size tap targets appropriately",
                "ruleImpact": 0,
                "groups": [
                    "USABILITY"
                ],
                "summary": {
                    "format": "All of your page's links/buttons are large enough for a user to easily tap on a touchscreen. Learn more about {{BEGIN_LINK}}sizing tap targets appropriately{{END_LINK}}.",
                    "args": [
                        {
                            "type": "HYPERLINK",
                            "key": "LINK",
                            "value": "https://developers.google.com/speed/docs/insights/SizeTapTargetsAppropriately"
                        }
                    ]
                }
            },
            "UseLegibleFontSizes": {
                "localizedRuleName": "Use legible font sizes",
                "ruleImpact": 0,
                "groups": [
                    "USABILITY"
                ],
                "summary": {
                    "format": "The text on your page is legible. Learn more about {{BEGIN_LINK}}using legible font sizes{{END_LINK}}.",
                    "args": [
                        {
                            "type": "HYPERLINK",
                            "key": "LINK",
                            "value": "https://developers.google.com/speed/docs/insights/UseLegibleFontSizes"
                        }
                    ]
                }
            }
        }
    },
    "version": {
        "major": 1,
        "minor": 15
    }
}