{
  "generator-gulp-angular": {
    "version": "1.0.2",
    "props": {
      "angularVersion": "~1.4.2",
      "angularModules": [
        {
          "key": "animate",
          "module": "ngAnimate"
        },
        {
          "key": "cookies",
          "module": "ngCookies"
        },
        {
          "key": "touch",
          "module": "ngTouch"
        },
        {
          "key": "sanitize",
          "module": "ngSanitize"
        },
        {
          "key": "messages",
          "module": "ngMessages"
        },
        {
          "key": "aria",
          "module": "ngAria"
        }
      ],
      "jQuery": {
        "key": "jquery2"
      },
      "resource": {
        "key": "angular-resource",
        "module": "ngResource"
      },
      "router": {
        "key": "ui-router",
        "module": "ui.router"
      },
      "ui": {
        "key": "noUI",
        "module": null
      },
      "cssPreprocessor": {
        "key": "node-sass",
        "extension": "scss"
      },
      "jsPreprocessor": {
        "key": "noJsPrepro",
        "extension": "js",
        "srcExtension": "js"
      },
      "htmlPreprocessor": {
        "key": "noHtmlPrepro",
        "extension": "html"
      },
      "bootstrapComponents": {
        "name": null,
        "version": null,
        "key": null,
        "module": null
      },
      "foundationComponents": {
        "name": null,
        "version": null,
        "key": null,
        "module": null
      },
      "paths": {
        "src": "src",
        "dist": "dist",
        "e2e": "e2e",
        "tmp": ".tmp"
      }
    }
  }
}